"author_userName","author_createdAt","obfuscated_userName","author_profile_bio_description","author_location","author_followers","author_following","author_isBlueVerified"
"_djchacha","2009-10-17 04:31:36+00:00","@502848624539866","Radio Host on 105.9 TRUE FM, Full time MOM, Part-time Cyclist, Lecheng Pag-ibig To Podcast Host📱Inquiries (0917) 156 8101","",632394,907,False
"AaronSiriSG","2021-10-07 23:30:38+00:00","@658699990916413","Managing partner of national law firm Siri & Glimstad (https://t.co/jHpHHZlJ2G), 100+professionals. Civil rights, informed consent, class actions, and high stakes disputes.","United States",254004,126,True
"ABCWorldNews","2009-10-29 19:21:20+00:00","@599802651359167","The official Twitter account for @ABC's World News Tonight with @DavidMuir.","New York",1739833,430,True
"ABSCBNNews","2008-08-16 10:09:33+00:00","@403780272519270","Stories, video, and multimedia for Filipinos worldwide, from ABS-CBN News and Current Affairs","Manila, Philippines",9858462,1089,True
"ABSCBNpr","2012-05-29 10:45:08+00:00","@34859533045326","The official X account of ABS-CBN PR, managed by ABS-CBN Integrated Corporate Communications Division.","Quezon City, Philippines",231440,469,False
"ADCVanguard_","2016-03-22 12:27:19+00:00","@123531034617310","Official account of the ADC coalition mobilization wing.","Federal Capital Territory, Nig",187660,1589,True
"adobomochi","2020-06-06 00:05:22+00:00","@432073544717603","24 :D 🤓👍🏼٩(^ᗜ^ )و🇵🇭","Melbourne, Victoria",292143,376,True
"AFP","2011-09-27 00:35:10+00:00","@456793039343990","Top news and features from AFP's reporters around the world. 
Official account.","Around The World",2449341,639,True
"AfUncensored","2016-02-08 05:24:19+00:00","@178917239356788","Africa Uncensored is an independent media house set up by Kenya’s finest investigative journalists.
Investigate. Expose. Empower.","Nairobi, Kenya",110447,296,True
"aidelacruz","2010-03-12 18:33:37+00:00","@679553878100402","TV / Event Host. Singer-songwriter. Former MYX VJ, ANC News Anchor, PBA Courtside Reporter. UP Diliman graduate. Iglesia Ni Cristo. aidelacruzofficial@gmail.com","facebook.com/aidelacruzonline",71004,1324,False
"AJEnglish","2007-04-17 08:23:08+00:00","@448326948465689","Your story. Your platform. For breaking news alerts, follow @AJENews. Join us on Telegram for real-time updates: https://t.co/xl7ggSArvE","Doha, Qatar",9214261,251,True
"akazukinchan2x","2015-09-12 02:48:22+00:00","@347280075511207","figuring life post-PhD | my tweets here don't reflect the views of my employer, duhhhhh","Abbott Elementary",55639,421,False
"alvinelchico","2010-03-13 08:12:19+00:00","@467161425997003","","National Capital Region, Repub",105795,196,False
"ANCALERTS","2009-06-04 21:26:24+00:00","@208287835608527","News updates and breaking news from the Philippines. Like our Facebook page: https://t.co/74AowFhQ8O.","Philippines",4951409,744,True
"angatbuhay_ph","2022-06-27 03:00:21+00:00","@92022159408745","Take a sneak peek into the journey in addressing the needs of the families in the farthest and poorest communities of the Philippines.","",203112,8,False
"AskPerplexity","2025-01-22 22:46:09+00:00","@712192195397021","Not your father's search engine. Answering all of your questions on X: 1️⃣ Ask a question | 2️⃣ Tag me at the end | 3️⃣ Get answers.","WhatsApp & Telegram",375277,69,True
"ateneodemanilau","2009-06-11 06:36:04+00:00","@575306104619656","Filipino, Catholic, Jesuit. Making a difference since 1859, ad majorem Dei gloriam.","Metro Manila, Philippines",149606,175,False
"attyharryroque","2009-06-07 10:45:33+00:00","@328126839578840","Lawyer, Law Professor, Former Presidential Spokesman, Former Member of the House of Representatives, Brother, Husband, Father","Manila",90534,754,False
"AttyMatula","2020-12-30 09:57:15+00:00","@730798648352396","Sa Senado 2025;FFW President; N1 Chair;Reserve Army Major; former Presidential Anti-graft ExecDir; Lawyer; MCLE/Law Lecturer; MLQU-Law 97; MSU 87.","Agusan del Sur/Biñan, Laguna",63255,20099,True
"Awk20000","2024-01-01 20:19:03+00:00","@168899386626155","TMZ for streamers","",97817,410,True
"bamaquino","2009-09-16 04:29:25+00:00","@951392445303700","Senator of the Republic of the Philippines. Principal Sponsor and Co-Author of Free College Law in the Philippines. 🇵🇭","Philippines",337698,433,True
"BangkokPostNews","2009-02-11 11:24:01+00:00","@17555991012628","The world's window on Thailand: Get the latest essential local, business and lifestyle news related to Thailand and worldwide.","Thailand",235623,258,False
"BangkoSentral","2010-08-17 02:07:36+00:00","@768795647400867","The official Twitter account of the central bank of the Philippines
#BSP #BangkoSentral","Manila, Philippines",74958,445,False
"barrygutierrez3","2010-10-26 05:37:30+00:00","@33643637499439","Former Congressman, UP Law Professor, Chief Strategist at Kairos Consulting, lawyer, gamer, geek, and generally K :) person","Philippines",127684,159,False
"BbMaharlika","2015-11-09 05:30:15+00:00","@942501146785377","I'm not afraid to speak my mind, even if it upsets you.
YouTube channel 👉https://t.co/ciLllmcrnX","United States",52915,570,True
"BelannF","2020-04-10 21:28:12+00:00","@94720315155223","-Love God-Family-Country -Followed by@MarioNawfal -John Rich-Gunther Eagleman-Juanita Brodderick -Roger Stone-Gen Michael Flynn-Scott Presler-Andy Ngo","",129459,19351,True
"BGYO_Gelo","2014-09-28 07:55:26+00:00","@985775483547501","Pre-save our EP, Headlines, here! 🔗https://t.co/eBhTBDwHwZ","",72400,317,True
"biancadeveraa","2011-05-21 15:32:20+00:00","@929659596442140","Proverbs 3:3-14 ♡","Mnl",96443,220,False
"BiniAiahOFC","2020-09-13 04:25:02+00:00","@241318729482250","Aiahphrodites— we are the first and official fanbase for BINI’s Aiah Arceta | 📧 biniaiahofc@gmail.com | @hiraiahmerch @aiahdvocacy_ph 🩵","EST. 2020 | @TEAMBLOOMPH",142273,143,True
"BiniMikhaOFC","2020-09-22 07:28:32+00:00","@435353991459706","#MIKHALITES: The Pioneer Fanbase of Mikha Lim | binimikhaofc1108@gmail.com","2020 🦊",136643,93,True
"BiniStaceyOFC","2020-09-13 14:02:22+00:00","@660027235822182","STARS ✨ • Official FANBASE Account for @bini_stacey of BINI • 📧: binistaceyofficial13@gmail.com • Transparency report https://t.co/Hn0RFhTbfv","Republic of the Philippines",77332,105,True
"bluejayshop","2021-01-03 11:51:47+00:00","@230436218991064","DTI & BIR REGISTERED | EST. 2021 // all official, direct from 🇰🇷 dm for collab or promotion — for proofs, updates, & feedbacks check @bjshop_updates","Bulacan, Central Luzon",118128,64,True
"BreakFreeTeej","2017-11-04 14:21:04+00:00","@136156853760025","DM for collab 👀","Makati City, National Capital ",244774,289,False
"BrillantsOFC","2014-02-01 08:01:59+00:00","@663946272182569","The official twitter account of Andrea Brillantes’ official fandom: BRILLANTS New Era 🤍 💛 ✨ Handled by Andrea's admins. Links ⬇️","",65855,92,False
"business","2009-04-23 20:05:17+00:00","@858758656616399","The first word in business news. Singapore newsletter: https://t.co/RtyaUOdLdF Newsletters: https://t.co/nWaCxHSKuU Podcasts: https://t.co/096e9xMbPz","New York and the World",9806049,104,True
"bworldph","2009-07-03 00:57:35+00:00","@263046335723381","The Philippines' leading and most trusted source of business news","Philippines",72067,693,False
"byxbuzz","2011-12-23 17:50:24+00:00","@3514533212266","Asian entertainment, fandoms, pop culture, technology, & lifestyle blog by @byxspeaks #Byxbuzz

💌Email: thisisbyx.speaks@gmail.com","Asia",54317,2590,True
"candypangilinan","2009-11-14 07:41:06+00:00","@838688301049142","Gods warrior, Mother, Actress, Lover of Life, Host, Stand up comedienne, Acting coach","Earth",281444,359,False
"cebudailynews","2009-06-18 07:57:36+00:00","@89467949717779","The official X account of Cebu's only independent digital news portal.","Cebu City, Central Visayas",379048,591,True
"channelstv","2010-03-22 14:29:10+00:00","@841787257628003","Channels Television is the 16-time winner of the 'Best TV station in Nigeria award' and the most-awarded television station in Africa.","Nigeria",7418880,191,True
"ChelDiokno","2011-05-03 16:57:57+00:00","@313045157065984","Akbayan Partylist Representative","",768854,129,False
"ChildrensHD","2016-10-01 00:43:51+00:00","@193530926553893","We will end childhood health epidemics by eliminating toxic exposures, restoring and protecting children's health, seeking justice + establishing safeguards.","United States",307566,1797,True
"ConvergeSupport","2012-10-25 05:22:13+00:00","@624951567696290","Welcome to the official customer support account of Converge! We're here to help you #ExperienceBetter. For news and updates, follow @ExperienceCNVRG.","Pasig City",115419,69,True
"dawende","2009-09-29 04:51:17+00:00","@544435089225274","A man’s reach should exceed his grasp. An ex-govt. fellow","Manila, Philippines",134627,744,True
"dealwithBARBIE","2009-06-25 12:07:28+00:00","@368032252172651","2016 Fantasporto (Portugal) International Best Actress • 2014 Cinemalaya Best Supporting Actress • 9th Ani Ng Dangal Awardee","",1387824,428,True
"dearscarjames","2009-04-19 12:21:31+00:00","@627145326926585","PR/adprom at @ocrecordsph | Coffeeist at Euphoric Sips | Let’s discuss: banaagjamesalvin@gmail.com","Metro Manila, Philippines",112026,1033,False
"Dennis_Warrior_","2010-02-06 09:54:48+00:00","@816077972307552","I’m a Ninja 🥷 | Digital Nomad | Sygma Studios| IG: dennis_warrior","NCR 🇵🇭",65503,2084,True
"DepEd_PH","2010-10-18 01:32:36+00:00","@767491417819876","The executive agency for basic education of the Republic of the Philippines. For comments, queries, or complaints, email us at action@deped.gov.ph","Pasig City, Philippines",3602648,225,True
"dingdongbahan","2017-08-16 08:30:12+00:00","@431350195952465","Host and Actor • Managed by Star Magic, ABS-CBN, Ms. Cynthia Jordan & Kath Angeles. Contacts thru work.dongpat@gmail.com","Taguig",125605,225,True
"direktothepoint","2016-09-04 16:15:58+00:00","@7462029206750","Enjoy the little things. Dream big dreams!","",55311,372,False
"djtonytoni","2009-03-18 06:38:47+00:00","@582086956207824","""Attitude of Gratitude"" Magic 89.9 Mon-Thurs 9pm @BoysNightOut899  @thesexyminds @_wherestony","Manila 📍",166099,5303,False
"Doc4Dead","2011-12-10 07:04:56+00:00","@760045333861206","Forensic Pathologist. Professor XChairMa StageMa. AA-Bangkay Party. ProDEAD. Bukas-Nitso Gang","Philippines",194563,552,False
"dogeai_gov","2024-12-24 16:40:13+00:00","@784040572189100","Autonomous AI uncovering waste & inefficiencies in government spending & policy.","Washington DC",131554,14,True
"DOHgovph","2010-09-03 06:06:53+00:00","@635859183001931","The official twitter account of the Department of Health Philippines.","Manila, Philippines",751173,65,False
"DONATORSPH","2016-11-24 13:35:54+00:00","@207199937674386","The Official Fan Group of @donnypangilinan 💙✨ We are bound to protect and support Donny, our first and only priority! 🫶🏻 (💌 Viber: 09165174212)","EST. 2016",137708,107,True
"DonBelleOFC","2019-11-07 03:40:41+00:00","@211160740232893","We are Bubblies. Solid fan group of Belle Mariano & Donny Pangilinan, also known as DONBELLE. Followed by @donnypangilinan and @bellemariano02 🖤❤️","WORLDWIDE ",305073,150,True
"DOTrPH","2012-03-16 03:34:42+00:00","@660971977848663","Official Twitter Account of #DOTrPH | Working to provide a comfortable, accessible, safe, sustainable, and affordable transportation services for the Filipinos.","Mandaluyong City, Metro Manila",283339,73,False
"DPWHph","2014-05-21 05:38:21+00:00","@392192773701614","Official account of the Department of Public Works and Highways (DPWH) - the engineering and construction arm of the government of the Philippines.","Port Area, Manila, PH",72557,112,False
"DrTonyLeachon","2012-02-23 14:15:29+00:00","@220086054806635","TOFIL Awardee in Medicine 2010. Past President, Philippine College of Physicians. Health Reform Advocate.Ex Special Adviser National TaskForce COVID 19 🇵🇭","",87620,4616,True
"dswdserves","2012-10-02 05:39:51+00:00","@61701542896124","The official account of the Department of Social Welfare and Development (DSWD) - Central Office","Quezon City, Philippines",91277,621,True
"dusbiofc","2014-02-22 10:06:02+00:00","@818354420952974","All for Dustin and Bianca | Temporary Account | Fan Account Only","",242867,35,True
"dustinyuu","2018-08-31 14:46:41+00:00","@868970838523366","","Manila City, National Capital Region",208081,72,False
"dzbb","2012-01-12 08:18:11+00:00","@430526661831933","The official X account of Super Radyo DZBB 594 kHz, the flagship AM radio station of GMA Network, Inc.","Republic of the Philippines",267278,992,False
"dzrhnews","2009-09-17 00:35:08+00:00","@982646580214281","The official X account of MBC Media Group's flagship radio station DZRH 666 kHz: Una sa Pilipinas, Una sa Pilipino","Manila, Philippines",144484,1050,True
"EdsonCGuido","2015-07-19 16:21:52+00:00","@964523599139071","TV5 Chief Data & Elections Analyst.
Smart Communications Head of Strategy Management. Former ABS-CBN Data Analytics Head. Daily COVID-19 stats 📊📈","",87485,292,False
"EngR_BeNtOn","2021-04-01 01:43:03+00:00","@962605750295607","Just so ordinary, Marine Engineer 🌸💮🌷","Cebu City, Central Visayas",127130,215,False
"EsquirePH","2011-03-24 05:31:58+00:00","@64831734765682","The official Twitter of Esquire Philippines.","Manila, PH",354895,94,False
"eva_lequeen","2021-10-21 07:54:05+00:00","@234256566099400","President & CEO @ The Playhouse l The ELQ Channel | evalequeen@theplayhouse.ph | werk@theplayhouse.ph","National Capital Region, Repub",100681,542,True
"FashionPulis","2009-04-20 17:26:55+00:00","@630293266667219","close to 1.5 BILLION pageviews","",274070,0,False
"fearlessanytime","2021-03-10 08:31:57+00:00","@824972226791883","All of my enemies, started out as friends.

PokéGO:1798 9596 1126","Yn Edri Eternos, Athel Loren",69375,1560,False
"fischldiokno","2020-08-24 22:44:28+00:00","@626580377812037","saw taylor swift and sabrina carpenter 03/07/24 • dm for tg subscription of 🔞vids• dont take my tweets seriously pls #FreePalestine 🇵🇸","lunar valleys in my mind 🌙",78625,6063,False
"fttm_ph","2020-02-05 07:33:39+00:00","@164497845455872","Follow The Trend Movement. 🇵🇭 pinoy pop culture + satire + sociopolitics https://t.co/XXxlr01ItG 📧 hello@fttm.ph","Republic of the Philippines",53223,95,True
"gabbi","2011-08-06 10:35:26+00:00","@338481384978355","Instagram: @gabbi","📍 south girl",887991,322,True
"gabmonstere","2013-06-12 04:18:56+00:00","@720370803974566","just ur regular pop culture junkie ⚡️• saw gaga 5/18","ig: theianbautista ♡",61780,1213,False
"gianbernardino_","2015-03-18 14:49:00+00:00","@299832840210670","@cupofjoemusic vocalist","baguio city",102612,891,False
"GMA_PA","2015-05-26 01:45:58+00:00","@177472899322393","This is the official Twitter account of GMA Public Affairs. Follow us on Facebook and IG: GMAPublicAffairs","National Capital Region",273153,189,False
"gmanetwork","2009-05-12 07:37:25+00:00","@118642231280618","This is the official Twitter account of GMA Network. Follow us on Instagram @gmanetwork.","Philippines",1770700,627,True
"gmanews","2009-05-12 07:14:09+00:00","@225867148354714","Welcome to the official X account of GMA Integrated News in the Philippines, the News Authority of the Filipino.","Philippines",6450784,674,True
"gretchenho","2011-04-17 14:45:34+00:00","@747203202544115","Woman-In-Action. The best way to learn and make a difference is to engage with the world. 👣✍🏻🌍🇵🇭","Manila, Philippines",929278,1927,False
"grok","2023-11-04 04:52:34+00:00","@515433734353119","https://t.co/fqNKQSiLQB
@grok it","wherever you are",6603646,3,True
"GuntherEagleman","2021-01-31 03:35:19+00:00","@302630543166588","David J. Freeman - Political Commentator - America First - MAGA - Christian","CA to Texas in 2007",1567176,101899,True
"hecklerforever8","2018-07-27 22:25:52+00:00","@951074506968504","""The problem with political jokes is they get elected."" | Political Humor • Satire • UP Fighting Maroons • Quiz Shows • ‘90s music • @Lakers @KobeBryant","",81924,824,False
"HouseofRepsPH","2016-08-25 04:30:09+00:00","@268528071035300","Official account of the House of Representatives of the Philippines. https://t.co/tWxtBffNzq https://t.co/tfS31z70g6","Quezon City",66751,108,True
"iamJulianMiguel","2016-09-28 14:28:53+00:00","@804774560230856","Single Dad, DM me for anything. Follow my other account @julianmiggy 🏹","Tokyo, Japan",55465,4456,True
"iamkarendavila","2010-03-01 01:48:31+00:00","@885932131248309","UN Women Nat’l Goodwill Ambassador 🇺🇳 TOYM Awardee, 2008. TOWNS Awardee, 2013. YGL, World Economic Forum","Philippines",3394331,727,True
"iamsuperbianca","2009-04-18 03:00:09+00:00","@762646581760778","Television host, writer, advocate 🇵🇭","Philippines",7330715,734,True
"IanEsguerra","2009-04-28 06:01:27+00:00","@574119407300344","Facts First podcast | Weeknights, 8:30 pm, on YouTube, Facebook, & Twitter | IG: christianvesguerra","Manila",94461,971,False
"ICANdecide","2017-04-07 19:11:40+00:00","@403499701560436","ICAN's dedicated 2 the eradication of man-made disease. By engaging in Legal and Scientific action ICAN puts the power of real health information in your hands.","Austin, TX",73637,58,True
"imchristan","2009-09-14 05:23:58+00:00","@858159866780689","#Bitcoin 
Mensan. Cryptonian. Entrepreneur. Content Creator. Harsh Critic. Provoker. Bored Ape #6906

 Vision: 1 Million Filipinos owning 0.1BTC each","Philippines",56926,362,True
"Imjanedeleon","2013-10-31 14:34:20+00:00","@113691528198687","Actress 🇵🇭","MNL | LGN",192928,204,True
"InquirerBiz","2012-03-16 03:51:59+00:00","@792659403839838","The official Twitter account of the Inquirer Group's business news team.","Philippines",55380,119,False
"inquirerdotnet","2008-07-16 00:36:41+00:00","@460436796410133","Balanced News, Fearless Views. https://t.co/AuYsgsnIPH","Makati City",3859039,1772,True
"interaksyon","2011-01-25 11:24:31+00:00","@568503467839148","Your thoughts on the news. https://t.co/A8Xm0H80qD","Philippines",205054,112,True
"iskolarium","2013-12-01 12:49:47+00:00","@266167844425749","Visual Artist l Maroon l Taong Halaman l Furdad of Tiago l Kritiko, Hindi Panatiko l Skip the Hi's and Hello's. State your intention when DMing. Thanks!","",86358,1919,False
"its_giancarlo19","2020-03-17 12:31:55+00:00","@223518135129667","JINCHURIKI DANCERIST ng hagdanan KAKAMPINK 🌸🌸🌸🌷🌷🌷 Maingay KSP FurDAD 🐺🐕🐕‍🦺 40 year old babyboy 5’4","Lungsod ng Pasig, Pambansang P",156401,677,False
"ItsACsLife","2009-12-06 23:48:31+00:00","@293929408961562","ultimate multidogshow superstar | wag seryosohin | ✉️: ItsACsLife@gmail.com","",296755,794,False
"ivanmayrina","2010-06-25 16:39:14+00:00","@60196334853176","Reporter/Anchor, GMA News and Public Affairs","Philippines",131094,846,False
"jaicabajar","2009-11-10 08:55:20+00:00","@301255784819124","1/2 Filipino, 1/2 Asleep. Internist. Pulmonologist.","Republic of the Philippines",214987,882,False
"jcpunongbayan","2010-09-15 09:04:18+00:00","@493592062383126","Filipino economist. 🇵🇭🏳️‍🌈 Asst Prof, UP School of Economics @upsediliman. Columnist, @rapplerdotcom. Author, #FalseNostalgia. #TOYM 2023 Awardee.","Metro Manila",88250,3986,False
"JerryGracio","2016-12-30 07:34:02+00:00","@975452594351818","Waray | Filipino | Writer | Cultural & Development Worker | Secretary-General, KAPAMILYA ng Manggagawang Pilipino","Valenzuela City",55616,3193,False
"joaquin_closet","2011-01-22 19:09:54+00:00","@370776350338203","","Republic of the Philippines",101324,1013,False
"Joseph_Morong","2008-08-22 17:16:15+00:00","@288092325482949","Reporter, GMA7. studying to be a painter. l😘 Chichay/Robie/Saver/Fuj/Jake 👀 “Fact or Fakehttps://bit.ly/2YgYIUuzW. “Stand for Truthhttps://bit.ly/3CLZsoWm4","",222867,6842,False
"jpsoriano","2009-12-08 09:42:02+00:00","@90425491279694","📹 Reporter and Anchor at GMA Integrated News","Manila, Philippines",61345,4528,False
"jsarahina","2016-11-07 18:23:28+00:00","@571561334277241","Drone Guy | Travel Photography | Tech | https://t.co/3uubh2C7bq","Makati City",189626,588,False
"junepineda8","2019-03-19 02:30:51+00:00","@686600434831547","ifbap Ultra PATRIOT,NO DM,support our troops,Trump","National Capital Region, Repub",115600,108826,True
"KafosoMo","2013-08-04 00:24:33+00:00","@138597082847997","chismosa","Kamuning cor. Ignacia",58772,452,False
"KakanTuring","2009-03-29 06:12:11+00:00","@658014619910474","","",68944,1660,False
"KapamilyaTFC","2013-10-31 03:11:39+00:00","@103611682696457","Welcome to the official community page of TFC! The home of #TeamAbroad! Follow us and get exclusive updates on Kapamilya shows, events & celebs worldwide!","Worldwide",59364,738,False
"KarlBauuu","2012-01-30 13:48:18+00:00","@174548517099412","Artist 🌈 Athlete 🏃🏻‍♂️ Architect 🏘 | ENFP | #karlpenter","",50047,957,False
"kdestrada_","2018-11-09 01:36:51+00:00","@877463854405930","MNL | 🇵🇭","",126166,0,False
"kikopangilinan","2009-02-26 07:41:31+00:00","@886466108474189","Husband. Father. Farmer. Lawyer.","Philippines",1222851,1153,True
"kingdc012","2019-12-30 12:39:54+00:00","@439398965435998","| I’m dumping all my selfies and thoughts here in Twitter | Taken |","National Capital Region, Repub",95772,723,False
"KM_Jessica_Soho","2010-11-25 15:00:42+00:00","@530465812194710","The official Twitter account of #KMJS. This account is managed by @GMA_PA Social Media Team and does not necessarily reflect the views of our host.","Philippines",1134774,62,True
"KrisAquinoWORLD","2011-01-03 12:23:17+00:00","@243712156550633","This is the Official Fan Page of the Queen of All Media @krisaquino214, recognized by her & own K♥️ - KCAP Team #KCAarmy","Quezon City",146091,85,False
"lianbuan","2009-03-31 10:26:23+00:00","@185383840993067","Investigative reporter / Justice, corruption, human rights cluster @rapplerdotcom | LLM Human Rights @BirkbeckLaw | @CheveningFCDO Scholar 2022 | @nujp","Manila",56185,1539,False
"lilyganados","2019-12-01 16:09:12+00:00","@21511923929102","Social Media Siren. Lider ng mga BBW. Queen Zombie. Parody Account","National Capital Region",113595,6255,True
"lyndajumilla","2010-09-01 11:19:31+00:00","@797357977704597","jazz birru wuxia journalism","Republic of the Philippines",73486,61,False
"MacLopez769","2019-04-22 15:37:52+00:00","@701924561848438","Social Media dissident and frustrated porn wannabe auteur","",72589,339,True
"MaeDianeAzores","2009-08-01 03:26:06+00:00","@171201453533091","Commit to the Lord whatever you do and your plans will succeed. // IG: @mdianeazores        📧 attymdmazores@gmail.com","",50994,843,False
"MalacananEvents","2017-12-17 02:20:22+00:00","@82000787115977","Escape the typical. Experience the presidential. (Parody Account)","Republic of the Philippines",113927,27,False
"maltiq","2008-11-27 11:32:52+00:00","@880917615908908","Founder/Chairperson. Author. Strategist. Columnist @TheManilaTimes. Designed & managed int’l, national & local campaigns since 1995. AB PolSci, MPA, MA, PhD (c)","Manila City",58536,3723,True
"manayleila","2015-05-14 02:33:37+00:00","@375868502461206","Lawyer | Former Senator, DOJ Sec, CHR Chair | Human Rights Defender, Social Justice Champion | Prisoner of Conscience 🌸","",193620,401,True
"manilabulletin","2008-07-10 07:55:26+00:00","@271091238095480","Breaking news and stories from different sides. RTs from our journalists. Unparalleled journalism in the Philippines since 1900. #BeFullyInformed","Manila, Philippines",1181534,189,True
"maracepeda","2009-06-27 03:17:41+00:00","@790489017757408","Philippines Correspondent for @straits_times | AJF ‘21 fellow | @UNRAF ‘23 fellow | 📥 cmara@sph.com.sg | Views are my own.","Manila, Philippines",60803,1703,True
"mariaressa","2009-04-23 16:57:05+00:00","@966035680810647","Idealist. Cynic. Pragmatist. Journalist. Author. CEO, Rappler 2021 Nobel Peace Prize Laureate","Philippines",523118,5424,True
"marino_densyti","2017-08-08 04:56:56+00:00","@182704357985788","@SupladoDaddy 's | #tumindig | 24/7 H | Phoenix | Swiftie | Gaymer | Furdad na pala dede | TeleTummies -𝟦° St.FU","WONDERLAND",62794,7077,False
"MarioNawfal","2020-10-22 14:42:25+00:00","@627517386359159","Largest Show on X | Investor 700+ Startups | Founder @ibcgroupio , https://t.co/sw7OQ5KgAW","",2503513,49206,True
"maxieandreison","2020-06-04 11:31:29+00:00","@970035676590771","For bookings/inquiries: andreisonmaxie@gmail.com Queen of the universe #teammaxie","",55327,51,False
"McCulloughFund","2023-07-20 19:42:07+00:00","@1545006684669","Investigative scholarship, analysis, media commentary, public and physician education, justice, and public policy.","Dallas, TX USA",65970,307,False
"MillennialOfMNL","2012-02-22 13:05:51+00:00","@13318763139861","📩: millennialsofmnl@gmail.com","Republic of the Philippines",188263,1996,False
"MissMarisRacal","2012-07-06 23:22:18+00:00","@1437038550781","","vulcanizing shop",4264856,553,True
"Missy_Nanay","2016-03-19 08:55:46+00:00","@466740836024025","A crypto-savvy optimist who's been trading since 2020. All Ads are paid. NFA & DYOR.  #iwonmissy / TG Channel : https://t.co/OekSxjAQc9","",114829,523,True
"MJ_Lastimosa","2010-09-22 05:16:46+00:00","@961521669469049","Acting/Hosting, Engineer, Miss Universe- Philippines 2014 --- for inquiries 📧 mjlastimosainquiry@gmail.com","Manila, Philippines",344754,646,False
"mjfelipe","2009-06-19 10:21:23+00:00","@495940144703352","Entertainment/Lifestyle Journalist for @ABSCBNNews","MNL PH",548211,854,True
"mlq3","2007-04-11 16:12:12+00:00","@499744014027672","I write on politics, history, culture; also a speechwriter. All my stuff is at https://t.co/tzvJM7XpLX","Makati City",222011,3354,False
"MMDA","2010-07-27 17:31:12+00:00","@766445741838227","Official Twitter Account of the Metropolitan Manila Development Authority | Hotline 136 | digitalmedia@mmda.gov.ph | VIBER 0956-6632-221","Metro Manila",4647822,123,True
"mnlstandardph","2012-01-26 12:46:45+00:00","@355061952774053","Manila Standard 🌏🇵🇭 Your trusted news source https://t.co/rmQCnNSOvI🌐 digital.manilastandard@gmail.com","Manila, Philippines",59707,224,True
"MyLordBebo","2019-04-26 16:06:36+00:00","@593899036426886","Anti woke - Anti fake news - Anti hypocrisy - send me content in pm - support me: https://t.co/xet7VLoADc - buddy account @bebobrics","Europa",703163,275,True
"nababaha","2010-10-26 02:28:37+00:00","@157358053166112","Disaster scientist, UP Professor, dashing husband :-) and father to three munchkins. Driver of UP NOAH.","Philippines",68994,1436,True
"NDRRMC_OpCen","2010-10-16 02:01:45+00:00","@21633871621785","Welcome to the official X (Twitter) account of the National Disaster Risk Reduction & Management Council, managed by OCD - News and Information Office","Camp Aguinaldo, Quezon City",520439,45,False
"ndtv","2009-05-01 20:34:48+00:00","@355770071691286","Breaking news alerts
Insta https://t.co/QrV2OUie6Q
WhatsApp https://t.co/WriOE8t4rq
Download App: https://t.co/Q2YKIJk45r","India",18101432,18,True
"News5PH","2010-04-15 04:08:32+00:00","@589029215591253","The Official Twitter account of News5 📲FB/IG/YT/TikTok: @News5Everywhere 📧: News5Aksyon@news5.com.ph","Philippines",811840,2260,True
"newstart_2024","2019-03-23 19:10:26+00:00","@210416027112503","DM for removals/credit
If we cannot do good, let us at least not do evil.","",360417,422,True
"newswatchplusph","2014-09-15 16:27:24+00:00","@325002683734926","News and narratives that matter.","Philippines",1974155,220,True
"nexta_tv","2013-09-21 21:24:04+00:00","@590212391657456","The largest Eastern European media. To let the world know.

Our website: https://t.co/4voPija7tJ
Become our patron: https://t.co/fOGkarNq2c","",1270481,216,True
"NigeriaStories","2019-03-09 09:21:12+00:00","@9881941870936","Facts and amazing stories from Nigeria |

Don’t forget to turn our notification ON 🔔| Email: Contact@nigeriastories.com","Nigeria",718170,1,True
"NikkeiAsia","2011-12-14 05:17:05+00:00","@553341335611922","The latest headlines from Nikkei Asia. 
Sign up for our newsletters: https://t.co/qUtJViCHmb  

Follow our journalists here: https://t.co/Y1vHImzwy1","Tokyo, New York",415601,84,False
"OCCRP","2011-06-29 09:57:31+00:00","@345970377132980","We expose crime and corruption so the public can hold power to account. 

Support: https://t.co/osICI4Lcox 

RT ≠ endorsement","Global",197504,2219,True
"ofc_iwant","2012-05-22 20:37:24+00:00","@31673730077835","Home of Filipino Feels.","Philippines",351660,1223,False
"officialLRT1","2015-09-08 12:45:26+00:00","@609082434516304","Private operator of #LRT1 🇵🇭 | https://t.co/CwLELpdsvb","Metro Manila, Philippines",55388,155,False
"ogie_rosa","2016-09-11 13:18:06+00:00","@445576777386796","Two-time Palanca Award-winning writer. Research/factchecking consultant.","",72314,32894,False
"OmbudsmanPh","2013-09-24 02:15:32+00:00","@587990440581334","Official X (twitter) account of the Office of the Ombudsman","WE PROTECT",59153,359,False
"OneSportsPHL","2011-05-28 14:09:13+00:00","@913663878775810","Andito na lahat ng trip na sports! NBA, PBA, UAAP, PVL, FIBA, Gilas Pilipinas, Alas Pilipinas, Spikers' Turf, ONE Championship, MPL, Olympics at marami pa!","Philippines",345110,559,False
"otienowill","2009-07-01 14:07:57+00:00","@759369602782891","Official Account of the Deputy President Designate, @SafinaPartyKe. Socio-economic rights  community empowerment. Running-mate to @Jimiwanjigi. #WaWillis🇰🇪","Nairobi, Kenya",102746,873,True
"OwenGregorian","2017-04-15 18:44:14+00:00","@634241230332675","I post interesting news and opinion stories, for @scottadamssays and for you. Subscribe for more content here (via WEB) or at https://t.co/zIi9RVC0OJ!","United States",132159,26258,True
"P_McCulloughMD","2021-11-29 15:53:25+00:00","@423927767613065","Public figure, author, physician-scientist, commentator, Chief Scientific Officer, The Wellness Company, President, McCullough Foundation, https://t.co/ISRBg45gaA","Dallas, TX, USA",1242380,687,True
"PBBBarakos","2015-08-05 06:46:27+00:00","@484368079995194","para sa mga lalake na anak, mamas boy, single, may jowa, may asawa, tatay, businessman, corpo guy, tambae at torpe.","meeting room",175716,86,False
"PCIJdotOrg","2009-06-02 07:59:08+00:00","@740925372283118","The official Twitter account of the Philippine Center for Investigative Journalism","Philippines",117451,733,False
"PEPalerts","2009-07-07 08:36:23+00:00","@154902250020656","The number one entertainment website in the Philippines. Your go-to website for anything showbiz!","",1417504,733,True
"PhilippineStar","2012-01-23 16:37:30+00:00","@325680252986141","The official Twitter account of The Philippine STAR, flagship title of the country's most successful print media enterprise.","Philippines",1788818,864,True
"philredcross","2009-04-17 12:53:30+00:00","@114567656502678","Always first, always ready, and always there #PHRedCrossCares #PRCLifelineOfThePeople #HopeBeginsWithTheRedCross","Philippines",601245,568,False
"PhilstarNews","2009-07-09 02:48:17+00:00","@394926530180398","The official digital arm of the STAR Group of Publications. We provide credible breaking news, in-depth reports, fact-checks, and contextual real-time coverage.","Manila, Philippines",1101578,150,True
"PhStockExchange","2010-01-26 15:43:33+00:00","@594635474586295","Official Twitter site of The Philippine Stock Exchange, Inc., the country's sole stock exchange","Philippines",99016,113,False
"PIADesk","2012-03-15 08:36:39+00:00","@820349757101934","The Official X account of the Philippine Information Agency.","Philippines",51414,446,False
"PinoyAkoBlog","2017-03-27 14:58:16+00:00","@771634201586836","Summer Skye Travel and Tours owner. Single Mom.","National Capital Region, Repub",228258,988,True
"pinoyanghang","2010-11-08 09:36:42+00:00","@953579351695872","UPD  ●  A free mind is the best weapon against prejudice and bigotry.","",59877,1140,False
"pnagovph","2017-01-23 02:00:10+00:00","@997869412664760","The official Twitter account of Philippine News Agency, the newswire service of the Philippine government.","Quezon City",79940,369,False
"pokwang27","2009-09-24 10:10:32+00:00","@102385592933512","Actress,Comedian, most of all proud nanay of Mae Subong and Malia❤️ follow me on instagram @itspokwang27","Inside God's protective arms ",2468147,11570,True
"PrincessFrance","2009-06-12 00:16:19+00:00","@542273823464203","Ang Dakilang Fan
/Kapamilya
/Social Media Manager","In places no one will find. ",123899,4049,False
"PTVph","2008-09-20 04:52:33+00:00","@701710453575340","The official X account of the People’s Television Network - Kasama Mo, Para Sa Bayan. Like us on Facebook at: https://t.co/dommsX8y3z","Philippines",242249,673,False
"QCGov","2020-02-05 09:08:47+00:00","@598431271637004","Welcome to the official X account of the Quezon City Government handled by the QC Public Affairs and Information Services Department","Quezon City, Philippines",116989,39,True
"QCMayorJoy","2019-07-12 04:19:40+00:00","@225146479556448","The only official Twitter account of Quezon City Mayor Joy Belmonte.","Quezon City",56574,1,False
"raffytima","2009-04-26 15:53:21+00:00","@825480963923244","Journalist. Filipino. @GMANews TV Reporter and Anchor.","Manila, Philippines",572008,302,False
"Rainmaker1973","2010-08-11 07:13:13+00:00","@976535018698623","Engineer. Selecting and curating pictures and videos trying to awaken your sense of wonder. Science, tech, art, weather, space, the unusual around us.","Italy, North by Northwest",3504757,150,True
"rainraincelmar","2023-07-24 10:36:22+00:00","@597548432258548","🍀⭐️ inquiries & bookings: Joy_Lomibao@abs-cbn.com","",52835,44,True
"raissawriter","2009-04-21 10:05:46+00:00","@442416196465886","Tweets - Fact-based Opinion; Investigative Journo; Publisher https://t.co/PWZvkL9clC - inside Ph politics & Beyond;  freelance journo for foreign publications","Philippines",116247,5647,False
"rapplerdotcom","2011-07-07 06:34:10+00:00","@289929405221207","Rappler is the Philippines' leading digital media company that's driven by uncompromising journalism, enabled by technology, & enriched by communities of action","Philippines",3629550,414,True
"realedumanzano","2012-01-20 03:51:53+00:00","@302020071044283","La Sallite, Fmr EVP Phil Judo Assoc, Fmr member Phil Olympic Committee, Fmr Makati Vice-Mayor & Pres - Vice Mayors League of the Phil. Artist, Producer, Pinoy","National Capital Region",68721,622,False
"Reuters","2007-03-20 17:46:05+00:00","@428210648302199","Top and breaking news, pictures and videos from Reuters. For breaking business news, follow @ReutersBiz. Our daily podcast is here: https://t.co/KO0QFy0d3a","Around the world",25583781,1197,True
"ReutersAsia","2008-08-23 05:44:20+00:00","@458229641032651","The latest from Asia and around the world. Follow @Reuters for more","",679119,68,True
"rex_gatchalian","2015-11-18 13:19:34+00:00","@108413343490611","Secretary Department of Social Welfare and Development, Former Representative - 1st District of Valenzuela, Three Term City Mayor of Valenzuela (2013 - 2022)","Valenzuela City",129027,5101,True
"RG_Cruz12479","2008-04-05 05:21:14+00:00","@619938740788026","ABS-CBN Political Correspondent for the Senate of the Philippines 
Journalism & Travel
FB: RG Cruz Email: rg.cruz.abscbn@icloud.com ; IG: rg_cruz12479;","Republic of the Philippines",69280,74,False
"RichHeydarian","2014-07-07 12:11:36+00:00","@552630089176844","Author 🖊️ Global affairs academic 📚 Host Pod “Deep Dive” “The Bridge” 🎙️ Taekwondo 🥋       TV Host “The View From Manila” 📺; @UniOfOxford; @MunSecConf YL","Oxford, England",127766,2430,True
"rockymdmb","2012-10-22 14:05:52+00:00","@190848204978577","👋","Nha Trang, Viet Nam",64289,893,False
"rowena_guanzon","2015-07-02 05:56:34+00:00","@472069454978195","P3PWD Party List,  alum of UP Law, Silliman U ,UP School of Economics and Harvard .  Advocate for gender equality and rights of PWD.","Metro Manila",308006,223,False
"sandraguinaldo","2009-07-07 17:42:35+00:00","@362828114252441","journalist, GMA Network","manila, philippines",467783,721,False
"SB_Senyora19","2020-02-28 07:17:40+00:00","@624245059145938","fan/parody account for THE PPOP KINGS 👑 est. 2019 | Tiktok: @reynasenyora | IG: @reynasenyoraa","Farm",103328,1103,False
"SCMPNews","2009-03-12 08:51:50+00:00","@360988415348194","The South China Morning Post brings you news and analysis about Hong Kong, China and the rest of Asia. Get our app: https://t.co/f15xfjosWQ","Hong Kong",1009230,292,True
"scorsaguin","2009-07-21 02:08:24+00:00","@517766243783423","tigilan na 'yang kabaklaan","",116988,577,False
"SCPh_PIO","2013-04-15 01:33:41+00:00","@599606626240481","Official account of the Supreme Court of the Philippines' Public Information Office (PIO). For contact details, please visit https://t.co/1TK7Egsj6d","Manila, Philippines",224248,3,True
"senatePH","2011-06-01 05:10:32+00:00","@272211934715243","The official X (formerly Twitter) account of the Senate of the Philippines. https://t.co/S1vuQerz4k https://t.co/w9jELdtxDK","Pasay City, Philippines",191676,95,False
"SenTedCruz","2013-01-09 18:11:37+00:00","@788724239720768","Representing the State of Texas in the United States Senate.","Houston, Texas",4165324,5345,True
"smninews","2020-03-18 23:08:57+00:00","@972890161400492","We bring truth that matters.
We are nation-builders.
We are SMNI News.","Makati City",105892,691,False
"sonnyangara","2010-09-27 14:37:45+00:00","@793211114310994","Secretary,Dept. of Education 🇵🇭📚👩🏽‍🏫👨🏽‍🎓, former: senator, lawyer, teacher, Aurora representative, Tatak Pinoy @UPCollegeofLaw @Harvard_Law @LSEnews","Philippines",143926,2560,False
"sotto_tito","2013-09-07 04:03:07+00:00","@499351448886314","","",63190,208,False
"spinph","2012-05-07 05:06:53+00:00","@188938243496778","Sports Interactive Network is your full-staff, standalone, and go-to sports website.","Metro Manila, Philippines",141419,1092,True
"SprinterExpres0","2019-05-14 16:35:07+00:00","@40636047723466","Unlock Access to Information about Geopolitics,Wars,Daily Events and News – with Raw,Unfiltered Global Insights// Donate- https://t.co/DW835jNq7c"," World 🍵",766006,580,True
"stakupop","2023-12-15 02:55:47+00:00","@965127034548388","for ppop","toph. he / him. ‘04",53142,772,False
"straits_times","2009-05-05 06:48:23+00:00","@69230924760566","Stay in the know with the latest news from Singapore and around the world. Breaking news | Exclusives | Opinion 
📧: stshare@sph.com.sg
📱: https://t.co/yTmX7znOOT","Singapore",1310960,134,True
"superstarhoshi","2017-08-24 03:18:01+00:00","@314646663846077","she/her | 28 💎 ic mnl | oty osaka mnl | bets mnl bul | follow seoul tokyo bul | follow again kanagawa | 17rh bul ✨","+63",71421,11395,True
"SuziDoctolero","2009-11-26 10:16:50+00:00","@237672553263689","Storyteller at heart, inspired by culture, the lives I encounter, and the stories that shape our history.  Grateful to share these narratives.","Quezon City, National Capital Region",50672,483,False
"TeamAFP","2010-10-12 06:10:52+00:00","@892763079002533","The official Twitter account of the Armed Forces of the Philippines.

Protecting the People, Securing the State

#AFPyoucanTRUST","Quezon City",117120,78,True
"TEAMBLOOMPH","2020-08-18 15:19:27+00:00","@407495030032341","Welcome to BINIverse! 🌸 We are the pioneer Philippine fanbase for @BINI_ph | For inquiries e-mail us at hello@bloomphilippines.com","MNL",234130,214,True
"TeamLisaPH","2018-11-29 05:50:53+00:00","@657004266582897","Team LISA Philippines 🌟 PH fanbase dedicated to BLACKPINK's Lalisa Manobal, CEO of @wearelloud • Contact: talahirayaph@gmail.com | @TeamLalisaPH","🇵🇭 | Highlights for reports",130675,88,True
"TeddyBaguilatJr","2011-01-31 10:59:02+00:00","@285078461744085","Former Congressman of Ifugao, Aktibistang Katutubo, Fighting Maroons. Kalikasan warrior. Fur Daddy. https://t.co/tmysU8PbEn","quezon city",140128,2348,False
"teddyboylocsin","2011-04-10 01:15:14+00:00","@904356174485732","This is my personal account and posts are my own.","Philippines",650684,955,True
"teddycasino","2009-04-25 07:51:50+00:00","@577599718880651","Former Bayan Muna congressman, activist, father of two.","Philippines",54084,383,True
"TheKhalilRamos","2009-04-26 04:18:07+00:00","@312146886934510","I act, shoot, write and sing.                 Front-Seat Foodies on YouTube!      “Figure it Out with Gabbi & Khalil” on Spotify!","Manila, Philippines",1429824,796,True
"TheLaSallian","2011-06-01 03:28:10+00:00","@187950612861971","The official student publication of De La Salle University. The bastion of issue-oriented critical thinking. Email: me@thelasallian.com","Manila, Philippines",211113,49,False
"TheManilaTimes","2009-08-06 07:56:49+00:00","@97335055837904","The Manila Times is one of the leading national daily broadsheets in the Philippines. It is one of the longest running having been founded in 1898.","Philippines",137537,483,True
"theskinsensei","2014-05-12 13:40:57+00:00","@330470510121344","DOH National Bureau of Speakers for MPOX / Spokesperson for MPOX, Philippine General Hospital / Health Policy Fellow UPSE 2009 / Gay dermatologist","Manila, Philippines",127651,3235,False
"TIME","2008-04-03 13:54:30+00:00","@21410600662345","News and current events from around the globe. Since 1923. 
Subscribe: https://t.co/yT0dueLEm0","",19120009,473,True
"tinapperez","2009-09-28 08:46:20+00:00","@220155150399216","Kapuso News Producer. Anchor. Associate Producer. Wife. Mother. tinapanganibanperez on Facebook and Instagram. Also follow @GMANews for updates.","Philippines",102740,373,False
"TrillanesSonny","2012-12-19 01:39:31+00:00","@617268793518215","Former Senator; College Professor/Lecturer https://t.co/GcGpSxBb9C","",258421,133,True
"TVPatrol","2010-06-11 05:56:03+00:00","@510149406765704","Patrol ng Pilipino, naglilingkod saan man sa mundo.","Philippines",2467501,265,True
"UnangHirit","2010-04-02 04:12:54+00:00","@466162910557123","The official Twitter account of #UnangHirit. This account is managed by @GMA_PA Social Media Team and does not necessarily reflect the views of our hosts.","UH Studio, Q.C., Philippines",296866,574,False
"UNTVNewsRescue","2009-04-18 01:57:33+00:00","@866960571195954","This is the official Twitter account of UNTV News and Rescue","Quezon City, Philippines",97330,508,False
"upsystem","2010-06-01 05:51:35+00:00","@848713523819896","This is the official Twitter account of the University of the Philippines, maintained by the Media and Communication Office.","Quezon City",214633,320,False
"valenzuelacity","2009-05-19 05:32:02+00:00","@281124621651367","This is the official X account of the City Government of Valenzuela. Tuloy ang Progreso, Valenzuela!","Valenzuela City, Philippines",137132,682,True
"varsitarianust","2010-07-16 15:48:55+00:00","@581989485640520","The 97-year-old official student publication of the University of Santo Tomas","",101041,68,True
"vicegandako","2010-09-04 05:12:31+00:00","@587581332665422","Supermodel turned actress turned horse","Earth",15722984,490,True
"vicotinamide","2012-06-09 12:28:24+00:00","@230038042552127","god created caviteños and sent elijah canlas as an apology","mercury",81556,1510,False
"VIVA_Films","2012-09-21 04:38:00+00:00","@854371583034838","𝗠𝗜𝗡𝗔𝗠𝗔𝗛𝗔𝗟 Now Showing Exclusively In Cinemas","",82947,288,False
"vote4kths","2019-11-04 12:34:17+00:00","@498763469605874","Independent FAN ACCOUNT to support #BTSV ✨Korean Voting account: @vote4kth_kr ✨
@kthvotingteam 💥","",89725,86,True
"WashTimes","2008-05-05 17:43:25+00:00","@251994896614080","Reliable reporting, hard-hitting analysis & breaking news, plus RTs from our writers and reporters. Also at @WashTimesOpEd, @WashTimesLocal, @WashTimesSports","Washington, D.C.",472990,1879,False
"WinGatchalian74","2012-05-28 23:10:51+00:00","@758580440973699","Office of Senator Win Gatchalian. All tweets are handled by the senator's staff. Follow for updates on the legislative measures of Senator @stgatchalian.","Republic of the Philippines",80232,429,True
"zenhernandez","2009-03-13 10:25:45+00:00","@877603077942899","ABS-CBN News","QC Philippines",106329,595,False
